Client_ID,First_Name,Last_Name,Email,PhoneNumber,Address,PostalCode
1,Zeno,Rossi,zeno.rossi1@demo.net,3591346062,Via Perugia 155,31713
2,Ettore,Verdi,ettore.verdi2@demo.net,3957514222,Via Lecce 106,28877
3,Viola,Bianchi,viola.bianchi3@example.com,3972222731,Via Bologna 98,53365
4,Camillo,Verdi,camillo.verdi4@mail.com,3556921221,Via Perugia 59,56146
5,Noemi,Verdi,noemi.verdi5@mail.com,3793296321,Via Bologna 33,68221
6,Marco,Nocciola,marco.nocciola6@mail.com,3768196455,Via Lecce 57,55508
7,Piero,Argento,piero.argento7@example.com,3267455747,Via Torino 84,21447
8,Ludovica,Turchese,ludovica.turchese8@example.com,3024134476,Via Cagliari 26,99538
9,Francesca,Marroni,francesca.marroni9@demo.net,3586688308,Via Bari 9,85258
10,Paola,Oro,paola.oro10@demo.net,3269779918,Via Cagliari 135,86527
11,Simone,Argento,simone.argento11@example.com,3032410559,Via Milano 12,46486
12,Omar,Marroni,omar.marroni12@test.org,3705573958,Via Bari 191,85232
13,Francesca,Neri,francesca.neri13@mail.com,3200922813,Via Bologna 195,28417
14,Beatrice,Celesti,beatrice.celesti14@example.com,3763783660,Via Napoli 161,30452
15,Marta,Argento,marta.argento15@demo.net,3866032508,Via Milano 109,16012
16,Gina,Viola,gina.viola16@demo.net,3357691003,Via Cagliari 109,31277
17,Ettore,Blu,ettore.blu17@test.org,3599509961,Via Napoli 52,27281
18,Tina,Bianchi,tina.bianchi18@demo.net,3604903306,Via Napoli 39,49294
19,Omar,Gialli,omar.gialli19@mail.com,3181503867,Via Trento 187,60583
20,Diana,Rosa,diana.rosa20@demo.net,3857108964,Via Milano 76,38501
21,Noemi,Bianchi,noemi.bianchi21@test.org,3862067900,Via Trento 94,84685
22,Viola,Nocciola,viola.nocciola22@example.com,3804788036,Via Bari 29,53016
23,Francesca,Fucsia,francesca.fucsia23@mail.com,3623899380,Via Torino 80,36321
24,Walter,Neri,walter.neri24@example.com,3330598206,Via Genova 163,94712
25,Quinto,Fucsia,quinto.fucsia25@test.org,3946935640,Via Cagliari 18,35198
26,Ludovica,Bianchi,ludovica.bianchi26@demo.net,3132656764,Via Genova 35,10715
27,Rita,Turchese,rita.turchese27@mail.com,3718171488,Via Bari 138,48712
28,Beatrice,Argento,beatrice.argento28@mail.com,3921168269,Via Cagliari 80,64356
29,Marco,Neri,marco.neri29@test.org,3962572899,Via Bari 27,85175
30,Rita,Viola,rita.viola30@demo.net,3308989607,Via Milano 187,15622
31,Zeno,Neri,zeno.neri31@mail.com,3372190987,Via Pisa 167,82880
32,Nina,Celesti,nina.celesti32@test.org,3667118550,Via Pisa 153,12541
33,Beatrice,Bronzo,beatrice.bronzo33@example.com,3892693080,Via Torino 15,97965
34,Omar,Rosa,omar.rosa34@test.org,3578893872,Via Pisa 116,69722
35,Marta,Azzurri,marta.azzurri35@mail.com,3908322612,Via Firenze 115,12918
36,Simone,Bronzo,simone.bronzo36@test.org,3442323450,Via Perugia 54,97589
37,Diana,Turchese,diana.turchese37@example.com,3635160351,Via Perugia 44,23304
38,Alessio,Lilla,alessio.lilla38@demo.net,3491370788,Via Bari 195,92524
39,Marta,Celesti,marta.celesti39@test.org,3052308466,Via Bologna 150,41490
40,Zeno,Rosa,zeno.rosa40@demo.net,3619281646,Via Trento 5,14174
41,Walter,Gialli,walter.gialli41@example.com,3561408864,Via Perugia 199,72223
42,Camillo,Grigi,camillo.grigi42@demo.net,3418159012,Via Siena 186,66165
43,Omar,Celesti,omar.celesti43@example.com,3801450487,Via Venezia 107,62348
44,Nina,Verdi,nina.verdi44@example.com,3001105761,Via Torino 178,46925
45,Viola,Neri,viola.neri45@example.com,3798742623,Via Milano 3,39358
46,Yuri,Turchese,yuri.turchese46@demo.net,3022470676,Via Perugia 65,96842
47,Walter,Verdi,walter.verdi47@mail.com,3430472694,Via Lecce 54,33496
48,Isacco,Turchese,isacco.turchese48@test.org,3397546731,Via Trento 185,46588
49,Viola,Viola,viola.viola49@test.org,3279151386,Via Torino 76,42128
50,Diana,Blu,diana.blu50@test.org,3082935217,Via Firenze 185,41549
51,Alessio,Marroni,alessio.marroni51@example.com,3278371740,Via Firenze 150,51231
52,Helena,Fucsia,helena.fucsia52@example.com,3666543872,Via Firenze 91,79455
53,Walter,Grigi,walter.grigi53@demo.net,3035312273,Via Venezia 12,57474
54,Nina,Azzurri,nina.azzurri54@example.com,3425482376,Via Siena 114,35213
55,Beatrice,Nocciola,beatrice.nocciola55@demo.net,3208571132,Via Trento 71,83871
56,Isacco,Verdi,isacco.verdi56@example.com,3095658616,Via Genova 5,81341
57,Nina,Oro,nina.oro57@test.org,3357390796,Via Perugia 107,64155
58,Gina,Nocciola,gina.nocciola58@test.org,3419419026,Via Venezia 33,79297
59,Isacco,Oro,isacco.oro59@mail.com,3800327454,Via Milano 37,52323
60,Omar,Blu,omar.blu60@demo.net,3575841452,Via Roma 12,25459
61,Walter,Rossi,walter.rossi61@example.com,3270169929,Via Lecce 68,39666
62,Francesca,Argento,francesca.argento62@mail.com,3074922431,Via Venezia 179,42097
63,Helena,Blu,helena.blu63@test.org,3453156565,Via Perugia 13,41231
64,Umberto,Rossi,umberto.rossi64@example.com,3765670848,Via Torino 161,62188
65,Giulio,Marroni,giulio.marroni65@test.org,3891649406,Via Bologna 180,34559
66,Isacco,Rossi,isacco.rossi66@demo.net,3050997112,Via Pisa 10,91160
67,Giulio,Verdi,giulio.verdi67@demo.net,3025725758,Via Milano 98,86761
68,Luca,Rossi,luca.rossi68@mail.com,3710649837,Via Cagliari 90,73691
69,Walter,Viola,walter.viola69@test.org,3997879713,Via Lecce 52,53630
70,Quinto,Viola,quinto.viola70@demo.net,3182872302,Via Roma 178,55505
71,Alessio,Neri,alessio.neri71@demo.net,3608032098,Via Milano 158,99189
72,Isacco,Fucsia,isacco.fucsia72@demo.net,3391863366,Via Lecce 5,93288
73,Marta,Bronzo,marta.bronzo73@mail.com,3993666954,Via Roma 33,31106
74,Paola,Rossi,paola.rossi74@example.com,3344358145,Via Perugia 88,27960
75,Marta,Neri,marta.neri75@test.org,3783278412,Via Trento 121,75406
76,Simone,Neri,simone.neri76@mail.com,3013983065,Via Lecce 159,61582
77,Giulio,Neri,giulio.neri77@example.com,3922079368,Via Torino 163,42044
78,Simone,Celesti,simone.celesti78@test.org,3218247059,Via Genova 43,57224
79,Simone,Rosa,simone.rosa79@mail.com,3797333433,Via Venezia 41,72862
80,Paola,Marroni,paola.marroni80@mail.com,3901406022,Via Firenze 73,95028
81,Tina,Neri,tina.neri81@test.org,3557639530,Via Roma 113,15237
82,Luca,Verdi,luca.verdi82@demo.net,3163425390,Via Napoli 116,14909
83,Marco,Fucsia,marco.fucsia83@demo.net,3638766881,Via Pisa 148,25617
84,Viola,Marroni,viola.marroni84@example.com,3599094450,Via Perugia 178,25946
85,Ettore,Marroni,ettore.marroni85@demo.net,3826104385,Via Napoli 61,82961
86,Quinto,Turchese,quinto.turchese86@test.org,3518943607,Via Bari 15,24807
87,Oscar,Marroni,oscar.marroni87@example.com,3266150742,Via Trento 13,15537
88,Zeno,Celesti,zeno.celesti88@mail.com,3891586039,Via Pisa 167,70146
89,Oscar,Fucsia,oscar.fucsia89@example.com,3414881454,Via Bari 46,77734
90,Zeno,Gialli,zeno.gialli90@demo.net,3802243740,Via Cagliari 184,59584
91,Francesca,Bianchi,francesca.bianchi91@example.com,3844773857,Via Venezia 183,91010
92,Xenia,Bronzo,xenia.bronzo92@test.org,3147805757,Via Perugia 122,58537
93,Nina,Celesti,nina.celesti93@test.org,3863748253,Via Trento 97,23604
94,Beatrice,Verdi,beatrice.verdi94@example.com,3383550300,Via Bari 49,38537
95,Beatrice,Argento,beatrice.argento95@mail.com,3580370721,Via Torino 124,63563
96,Walter,Turchese,walter.turchese96@example.com,3581218661,Via Venezia 130,34088
97,Simone,Viola,simone.viola97@demo.net,3031361603,Via Cagliari 21,71295
98,Quinto,Oro,quinto.oro98@example.com,3115790187,Via Cagliari 106,90588
99,Ettore,Fucsia,ettore.fucsia99@demo.net,3850482496,Via Siena 130,79571
100,Gina,Azzurri,gina.azzurri100@mail.com,3429144719,Via Perugia 78,13266
101,Ermenegildo,Altera,ermenegildo.altera@libero.it,275784203,Via Maurizio 636,17840
102,Vanessa,Soderini,vanessa.soderini@tim.it,886025200,Rotonda Aloisio 0 Piano 7,32376
103,Eleanora,Giusti,eleanora.giusti@fastwebnet.it,1021583541,Strada Bodoni 89,36232
104,Lodovico,Pacillo,lodovico.pacillo@libero.it,883687718,Stretto Erika 20 Piano 3,33544
105,Nico,Garzoni,nico.garzoni@fastwebnet.it,7720197210,Borgo Pisaroni 98 Piano 9,23154
106,Claudio,Costalonga,claudio.costalonga@alice.it,9024738733,Strada Paoletta 176 Piano 1,25562
107,Alberico,Chechi,alberico.chechi@hotmail.com,5977911722,Stretto Renier 1 Appartamento 85,71180
108,Damiano,Gentili,damiano.gentili@tim.it,6587517372,Rotonda Fernanda 4 Piano 9,95515
109,Ruggero,Gottardi,ruggero.gottardi@hotmail.it,2970650617,Viale Bellucci 786 Appartamento 05,19841
110,Arnaldo,Pometta,arnaldo.pometta@outlook.com,1654544104,Strada Emilio 26,45429
111,Giacobbe,Collina,giacobbe.collina@yahoo.com,1626432854,Viale Abatantuono 48,48083
112,Gioele,Camicione,gioele.camicione@yahoo.com,4181637908,Via Daria 0 Piano 0,44319
113,Giulia,Fuseli,giulia.fuseli@libero.it,7862224387,Viale Fagiani 15,25646
114,Coriolano,Tremonti,coriolano.tremonti@libero.it,8970354827,Vicolo Luciano 91,33855
115,Alfio,Canevascini,alfio.canevascini@gmail.com,1561413157,Strada Valeria 6,97020
116,Cesare,Magrassi,cesare.magrassi@virgilio.it,6696349157,Canale Perini 6,67689
117,Bettina,Verga,bettina.verga@tim.it,9516326213,Incrocio Modiano 525 Piano 5,54709
118,Emma,Campanella,emma.campanella@yahoo.com,1361187024,Rotonda Lando 449,63106
119,Luigina,Guidone,luigina.guidone@live.com,1049932643,Contrada Gelli 157 Appartamento 38,79446
120,Antonia,Matteotti,antonia.matteotti@libero.it,4494529782,Rotonda Amato 312 Appartamento 58,67553
121,Licia,Federico,licia.federico@alice.it,5935052288,Vicolo Azeglio 181,02774
122,Laura,Serao,laura.serao@libero.it,1655112085,Piazza Travaglio 926 Piano 1,01556
123,Ettore,Pennetta,ettore.pennetta@poste.it,6020969224,Viale Alessia 455 Piano 0,41581
124,Etta,Crispi,etta.crispi@gmail.com,1677837417,Rotonda Amadeo 2 Appartamento 60,58291
125,Romina,Pucci,romina.pucci@outlook.com,3594635210,Contrada Guido 8 Appartamento 77,14642
126,Paulina,Cassarà,paulina.cassarà@poste.it,6114897829,Vicolo Cipriano 809 Piano 6,53832
127,Paulina,Paltrinieri,paulina.paltrinieri@tim.it,8434417414,Via Cabrini 84,60403
128,Sergius,Sabatini,sergius.sabatini@libero.it,8884658743,Piazza Guarino 160,32380
129,Ronaldo,Baggio,ronaldo.baggio@tele2.it,2052770680,Canale Sante 2 Appartamento 20,94595
130,Pietro,Pace,pietro.pace@libero.it,8280398807,Incrocio Lidia 866 Piano 1,10115
131,Roberta,Pennetta,roberta.pennetta@fastwebnet.it,2298064084,Incrocio Umberto 964,36964
132,Fredo,Rapisardi,fredo.rapisardi@libero.it,9598641201,Canale Valeria 20 Appartamento 15,83081
133,Alfio,Majorana,alfio.majorana@libero.it,4792015777,Contrada Francesca 609,62496
134,Lazzaro,Busoni,lazzaro.busoni@libero.it,8365293857,Borgo Costanzi 32 Piano 7,52221
135,Roberta,Saragat,roberta.saragat@outlook.com,2593154772,Strada Leblanc 87,36995
136,Laura,Gozzi,laura.gozzi@gmail.com,9837320356,Stretto Baglioni 9,26437
137,Romeo,Belletini,romeo.belletini@alice.it,4511327518,Stretto Boito 77 Piano 4,59714
138,Gabriele,Petrassi,gabriele.petrassi@gmail.com,6615810935,Rotonda Molesini 77 Piano 4,36463
139,Giustino,Pareto,giustino.pareto@gmail.com,102357504,Stretto Nitti 09 Appartamento 71,45380
140,Giacobbe,Petrucci,giacobbe.petrucci@gmail.com,3735314610,Viale Rosa 67,21334
141,Ermanno,Gabrieli,ermanno.gabrieli@outlook.com,4952102818,Viale Rosalia 41,69409
142,Fabrizia,Ligorio,fabrizia.ligorio@fastwebnet.it,8999335869,Via Stella 408 Piano 2,88426
143,Patrizio,Navone,patrizio.navone@hotmail.com,9242235197,Contrada Donato 170 Appartamento 36,95897
144,Antonia,Salata,antonia.salata@hotmail.it,4988792404,Borgo Zeffirelli 95,28755
145,Roberto,Querini,roberto.querini@yahoo.com,7584617118,Vicolo Simonetta 99,71916
146,Nadia,Zecchini,nadia.zecchini@gmail.com,498089805,Rotonda Giuliano 67,67814
147,Sophia,Rosselli,sophia.rosselli@live.com,2095271681,Piazza Chinnici 81 Appartamento 20,54240
148,Venancio,Parri,venancio.parri@gmail.com,6915523258,Borgo Giuseppina 99,27705
149,Ernesto,Guarato,ernesto.guarato@poste.it,8155971578,Canale Morlacchi 3,44620
150,Arnulfo,Rusticucci,arnulfo.rusticucci@yahoo.com,223419851,Borgo Ferrara 570,60621
151,Imelda,Catalano,imelda.catalano@libero.it,6106596934,Rotonda Piergiorgio 915,28862
152,Achille,Tosto,achille.tosto@hotmail.it,7582087331,Viale Bianca 2,73544
153,Manuel,Norbiato,manuel.norbiato@hotmail.it,8485496859,Borgo Pertini 72 Appartamento 45,27528
154,Ermanno,Luxardo,ermanno.luxardo@libero.it,8067846448,Canale Pier 6,22255
155,Mirco,Pizziol,mirco.pizziol@poste.it,9014454691,Via Greca 541,06363
156,Umberto,Brichese,umberto.brichese@gmail.com,8421961391,Incrocio Giuliana 1 Piano 3,66247
157,Danilo,Peranda,danilo.peranda@poste.it,3246861135,Canale Casale 431 Piano 9,11015
158,Morena,Faranda,morena.faranda@outlook.com,6353283165,Incrocio Lamberto 732,34272
159,Barbara,Roero,barbara.roero@libero.it,9087811570,Canale Pacomio 5,44733
160,Alberto,Vercelloni,alberto.vercelloni@libero.it,7469960302,Piazza Montalti 97,32467
161,Gianluigi,Vergassola,gianluigi.vergassola@libero.it,7922476032,Rotonda Mariana 3 Appartamento 25,05503
162,Durante,Trevisan,durante.trevisan@tiscali.it,3556079357,Via Lombardo 74 Piano 6,11186
163,Gaetano,Valguarnera,gaetano.valguarnera@tele2.it,9922327699,Vicolo Moretti 65,18841
164,Cipriano,Molesini,cipriano.molesini@tiscali.it,3107104963,Incrocio Callegaro 834,87056
165,Ivan,Guglielmi,ivan.guglielmi@tiscali.it,107171120,Canale Giovanna 2 Appartamento 32,01632
166,Ignazio,Rizzo,ignazio.rizzo@vodafone.it,998981862,Via Tonino 19 Piano 5,98233
167,Rolando,Cantimori,rolando.cantimori@live.com,4416083103,Vicolo Alina 4 Appartamento 23,61149
168,Dante,Carullo,dante.carullo@tele2.it,6203291730,Contrada Filippo 92,64189
169,Angelina,Bernini,angelina.bernini@alice.it,3422449318,Incrocio Amalia 85 Appartamento 21,89561
170,Leonardo,Salvini,leonardo.salvini@libero.it,4426737113,Vicolo Roberto 935 Appartamento 74,86553
171,Giovanni,Vespucci,giovanni.vespucci@live.com,6765352857,Canale Carducci 71,16356
172,Pietro,Malpighi,pietro.malpighi@outlook.com,9547561708,Stretto Lilla 989 Appartamento 33,90592
173,Bernardo,Porcellato,bernardo.porcellato@outlook.com,2675221014,Viale Jacuzzi 9 Appartamento 08,40596
174,Ubaldo,Stoppani,ubaldo.stoppani@alice.it,8679863885,Stretto Fracci 6,11015
175,Lamberto,Santi,lamberto.santi@libero.it,4302589924,Contrada Victoria 390,74542
176,Romeo,Agnesi,romeo.agnesi@outlook.com,8565897866,Borgo Vincenzo 665 Appartamento 12,62314
177,Hugo,Trillini,hugo.trillini@yahoo.com,7953873395,Vicolo Sole 52 Appartamento 26,90114
178,Nico,Canetta,nico.canetta@tele2.it,7264277849,Piazza Sagredo 85,77097
179,Gioacchino,Sinisi,gioacchino.sinisi@tim.it,7690277020,Incrocio Paltrinieri 20,99623
180,Laureano,Combi,laureano.combi@gmail.com,3132897188,Strada Lidia 466 Piano 4,37821
181,Piergiorgio,Rismondo,piergiorgio.rismondo@libero.it,7242038358,Incrocio Galuppi 713,11851
182,Lucia,Callegari,lucia.callegari@tiscali.it,6562627274,Piazza Sylvia 72 Appartamento 58,02591
183,Adele,Zito,adele.zito@poste.it,9743399873,Strada Magnani 61 Piano 8,91281
184,Rita,Mercati,rita.mercati@virgilio.it,677144256,Strada Caterina 69,28390
185,Leopoldo,Pucci,leopoldo.pucci@libero.it,5295472316,Canale Germano 84,91905
186,Emilio,Zanzi,emilio.zanzi@hotmail.com,9192712128,Stretto Sokolov 081 Appartamento 11,36249
187,Santino,Ruberto,santino.ruberto@gmail.com,1684566217,Via Ferdinando 593,22807
188,Arturo,Goldoni,arturo.goldoni@libero.it,90004862,Canale Scarfoglio 72 Piano 0,76708
189,Edoardo,Verdi,edoardo.verdi@fastwebnet.it,6355117913,Canale Giradello 30 Piano 5,79087
190,Virgilio,Parri,virgilio.parri@hotmail.com,3408223754,Piazza Lazzaro 31 Appartamento 01,84562
191,Giuseppina,Orlando,giuseppina.orlando@libero.it,6081089108,Rotonda Galiazzo 496 Appartamento 21,46049
192,Nicolò,Calbo,nicolò.calbo@gmail.com,215158528,Contrada Ermanno 9,89673
193,Gino,Pisacane,gino.pisacane@tim.it,2110104345,Via Bertoni 59,77808
194,Pietro,Marangoni,pietro.marangoni@poste.it,5357822876,Incrocio Panfilo 1,86480
195,Lamberto,Faugno,lamberto.faugno@gmail.com,4929651586,Piazza Mariano 25 Piano 9,69361
196,Flora,Vattimo,flora.vattimo@libero.it,5111414099,Via Bernardo 8,87043
197,Melissa,Nordio,melissa.nordio@libero.it,560723874,Strada Squarcione 829 Piano 4,53244
198,Caterina,Lerner,caterina.lerner@tin.it,6345212273,Borgo Annunziata 103 Appartamento 52,19295
199,Cristina,Gregorio,cristina.gregorio@vodafone.it,4188151680,Stretto Augusto 704,47683
200,Paoletta,Napolitano,paoletta.napolitano@tin.it,7471188531,Viale Benvenuto 228 Piano 3,26976
201,Sara,Ferrari,sara.ferrari45@example.it,3414744854,Via Verona 27,81482
202,Giulia,Sartori,giulia.sartori64@example.it,3141499914,Via Genova 56,40495
203,Raffaele,Parisi,raffaele.parisi13@example.it,3814335942,Via Livorno 108,38893
204,Claudia,Sartori,claudia.sartori45@example.it,3103678638,Via Brescia 88,46421
205,Martina,Mancini,martina.mancini53@example.it,3232556017,Via Vicenza 25,57052
206,Antonio,Parisi,antonio.parisi43@example.it,3158707870,Via Livorno 32,59615
207,Giulia,Fiore,giulia.fiore47@example.it,3907067228,Via Siena 50,19116
208,Luca,Lombardi,luca.lombardi47@example.it,3204905582,Via Bologna 98,46434
209,Elena,Longo,elena.longo30@example.it,3576960453,Via Perugia 172,44993
210,Andrea,Parisi,andrea.parisi91@example.it,3319961380,Via Pescara 42,70589
211,Cristian,Rizzo,cristian.rizzo91@example.it,3984684531,Via Rimini 15,40021
212,Luca,Gatti,luca.gatti61@example.it,3442110460,Via Perugia 146,51245
213,Davide,DeSantis,davide.desantis60@example.it,3928698256,Via Catania 68,28301
214,Alice,Fiore,alice.fiore78@example.it,3438187926,Via Matera 103,57447
215,Simone,Greco,simone.greco75@example.it,3732525206,Via Napoli 29,30033
216,Giorgio,Palumbo,giorgio.palumbo86@example.it,3187455324,Via Vicenza 153,71348
217,Domenico,Barbieri,domenico.barbieri80@example.it,3112921859,Via Livorno 69,94012
218,Federico,Marino,federico.marino47@example.it,3653653446,Via Como 1,44522
219,Raffaele,Costa,raffaele.costa74@example.it,3236007072,Via LaSpezia 156,36071
220,Martina,Longo,martina.longo30@example.it,3799897858,Via Roma 154,52487
221,Pietro,Ferrari,pietro.ferrari24@example.it,3566159230,Via Pescara 15,41571
222,Emanuele,Colombo,emanuele.colombo20@example.it,3722161193,Via Livorno 33,26828
223,Stefano,Fiore,stefano.fiore31@example.it,3439852897,Via Potenza 109,37760
224,Salvatore,Giordano,salvatore.giordano49@example.it,3617264956,Via Monza 133,69177
225,Sara,Moretti,sara.moretti38@example.it,3186672134,Via Milano 151,82603
226,Simone,Sartori,simone.sartori38@example.it,3102191066,Via Napoli 59,18834
227,Luca,Martini,luca.martini19@example.it,3754993055,Via Lecce 172,73624
228,Davide,Mariani,davide.mariani26@example.it,3838930103,Via Pescara 122,63354
229,Paolo,Ricci,paolo.ricci22@example.it,3948231838,Via Padova 109,63883
230,Elena,Bianchi,elena.bianchi96@example.it,3932651177,Via Napoli 104,54473
231,Chiara,Moretti,chiara.moretti34@example.it,3349997381,Via Monza 36,65296
232,Matteo,Rizzo,matteo.rizzo69@example.it,3412264748,Via Monza 141,22833
233,Marco,Mariani,marco.mariani11@example.it,3214965789,Via Palermo 105,73653
234,Stefano,Mancini,stefano.mancini61@example.it,3173762152,Via Vicenza 1,61173
235,Elisa,Vitale,elisa.vitale46@example.it,3649164991,Via Catania 49,48890
236,Davide,Bianchi,davide.bianchi84@example.it,3792022698,Via Rimini 15,16572
237,Filippo,DeLuca,filippo.deluca74@example.it,3773641282,Via Napoli 131,20500
238,Matteo,Romano,matteo.romano86@example.it,3184946066,Via Piacenza 31,84668
239,Alice,Sartori,alice.sartori86@example.it,3152375453,Via Bergamo 169,86503
240,Emanuele,Ferri,emanuele.ferri50@example.it,3434426900,Via Rimini 62,44814
241,Valentina,Greco,valentina.greco95@example.it,3926033115,Via Como 81,19508
242,Francesco,Vitale,francesco.vitale89@example.it,3822677407,Via Firenze 138,37938
243,Raffaele,Barbieri,raffaele.barbieri26@example.it,3542154126,Via Pescara 95,47353
244,Giorgio,Bruno,giorgio.bruno79@example.it,3489874152,Via Roma 171,82692
245,Marta,Ricci,marta.ricci27@example.it,3432936571,Via Bologna 142,30374
246,Roberta,Lombardo,roberta.lombardo87@example.it,3366752576,Via Perugia 176,93130
247,Elisa,Pellegrini,elisa.pellegrini72@example.it,3421852264,Via Genova 163,65518
248,Roberta,Esposito,roberta.esposito10@example.it,3523194789,Via Taranto 42,67912
249,Vincenzo,Palumbo,vincenzo.palumbo81@example.it,3112876932,Via Firenze 177,29536
250,Salvatore,Esposito,salvatore.esposito57@example.it,3843484601,Via Brescia 33,15482
251,Marta,Longo,marta.longo15@example.it,3554524499,Via Pescara 171,23473
252,Antonio,Fiore,antonio.fiore62@example.it,3893592974,Via Pescara 42,33206
253,Silvia,Ferrari,silvia.ferrari32@example.it,3527907400,Via Pescara 69,30866
254,Chiara,Gentile,chiara.gentile14@example.it,3704731818,Via Trento 118,55830
255,Marta,Lombardi,marta.lombardi38@example.it,3134240180,Via Piacenza 85,46517
256,Andrea,Rizzo,andrea.rizzo54@example.it,3929546409,Via Piacenza 174,80282
257,Federico,Ferrari,federico.ferrari24@example.it,3433995870,Via Matera 68,15014
258,Chiara,Parisi,chiara.parisi65@example.it,3546262632,Via Brescia 156,77033
259,Sara,Gentile,sara.gentile83@example.it,3345273534,Via Torino 112,10221
260,Domenico,Mariani,domenico.mariani97@example.it,3954305700,Via Treviso 111,19171
261,Federico,Ferrara,federico.ferrara50@example.it,3943090865,Via Modena 130,50538
262,Silvia,Gatti,silvia.gatti61@example.it,3995960271,Via Pisa 33,35144
263,Silvia,Gentile,silvia.gentile96@example.it,3326049101,Via Piacenza 141,10053
264,Marta,Lombardo,marta.lombardo36@example.it,3656406444,Via Como 114,67954
265,Davide,Pellegrini,davide.pellegrini70@example.it,3312422633,Via Parma 132,97012
266,Riccardo,Martini,riccardo.martini21@example.it,3406207974,Via Ancona 51,29313
267,Nicola,Esposito,nicola.esposito41@example.it,3702221854,Via Como 107,92544
268,Emanuele,Giordano,emanuele.giordano99@example.it,3599294272,Via Piacenza 63,29342
269,Francesco,Ricci,francesco.ricci64@example.it,3383950888,Via Arezzo 119,16582
270,Vincenzo,Moretti,vincenzo.moretti25@example.it,3683237058,Via Como 171,79616
271,Vincenzo,Parisi,vincenzo.parisi50@example.it,3669468772,Via Brescia 141,68446
272,Giorgio,DeLuca,giorgio.deluca67@example.it,3435147994,Via Lecce 134,73517
273,Alice,Rizzo,alice.rizzo66@example.it,3195793722,Via Pescara 70,54020
274,Alessandro,Mariani,alessandro.mariani20@example.it,3273530518,Via Ancona 99,30028
275,Davide,Romano,davide.romano63@example.it,3626551268,Via Livorno 120,64496
276,Marco,Mancini,marco.mancini63@example.it,3591327691,Via Siena 98,72518
277,Francesco,Leone,francesco.leone48@example.it,3598030010,Via Livorno 140,89069
278,Simone,DeSantis,simone.desantis38@example.it,3448312114,Via Savona 8,60968
279,Federico,Testa,federico.testa31@example.it,3693141239,Via Catanzaro 137,13534
280,Valentina,Sartori,valentina.sartori82@example.it,3941454696,Via Genova 165,66179
281,Alessia,Vitale,alessia.vitale33@example.it,3165364698,Via Vicenza 84,37742
282,Elena,Gatti,elena.gatti53@example.it,3585668371,Via Bergamo 65,20735
283,Stefano,Ferrari,stefano.ferrari79@example.it,3166871360,Via Ancona 167,18993
284,Luca,Ferrari,luca.ferrari41@example.it,3351341919,Via Catanzaro 40,41266
285,Alessia,DeLuca,alessia.deluca95@example.it,3244656838,Via Como 180,43586
286,Gabriele,Conti,gabriele.conti87@example.it,3872921542,Via Palermo 80,24168
287,Filippo,Ferrari,filippo.ferrari49@example.it,3837296605,Via Piacenza 51,19961
288,Filippo,Moretti,filippo.moretti23@example.it,3996059717,Via Potenza 31,84177
289,Luca,Leone,luca.leone78@example.it,3647217147,Via Firenze 130,94874
290,Federico,Rossi,federico.rossi63@example.it,3722770648,Via Brescia 93,93307
291,Elena,Gallo,elena.gallo65@example.it,3329753457,Via Lecce 158,80539
292,Stefano,Vitale,stefano.vitale65@example.it,3855502929,Via Rimini 63,21359
293,Roberta,Bruno,roberta.bruno41@example.it,3697358385,Via Udine 8,74789
294,Alessandro,Costa,alessandro.costa72@example.it,3376952975,Via Taranto 88,46655
295,Tommaso,Rizzo,tommaso.rizzo81@example.it,3119667566,Via Trento 22,41635
296,Silvia,DeSantis,silvia.desantis81@example.it,3408987516,Via Savona 115,12260
297,Giulia,Lombardo,giulia.lombardo38@example.it,3615081983,Via Modena 170,86225
298,Gabriele,DeLuca,gabriele.deluca80@example.it,3776767292,Via Brescia 141,53357
299,Antonio,Vitale,antonio.vitale44@example.it,3495217853,Via Ancona 31,35242
300,Alessandro,Marino,alessandro.marino78@example.it,3984106298,Via Trento 56,73464

